nil,18,1234,niltomasplans@gmail.com,barcelona
Anshpreet,18,1234,ashpreet@gmail.com,girona
Sophia,22,1234,sophiajohnson@gmail.com,LosAngeles
Ella,29,1234,ellasmith@gmail.com,Chicago
Alexander,27,1234,alexanderlee@gmail.com,Miami
Victoria,24,1234,victoriawang@gmail.com,SanFrancisco
Henry,33,1234,henrybrown@gmail.com,Austin
Charlotte,28,1234,charlottegarcia@gmail.com,Dallas
Joseph,30,1234,josephrodriguez@gmail.com,Phoenix
Isabella,25,1234,isabellahernandez@gmail.com,Seattle
Michael,31,1234,michaelsanchez@gmail.com,Boston
Mia,21,1234,miahall@gmail.com,Philadelphia
David,36,1234,davidmartinez@gmail.com,Houston
Emily,26,1234,emilydavis@gmail.com,Detroit
Danial,23,1234,danial@gmail.com,Portland
Olivia,32,1234,oliviamartin@gmail.com,SanDiego
James,19,1234,jameswilson@gmail.com,Atlanta
Emma,34,1234,emmaclark@gmail.com,Denver
Benjamin,20,1234,benjaminlee@gmail.com,WashingtonDC
Alexander,27,1234,alexanderlee@gmail.com,Miami